会社名,店舗名,都道府県,住所,店舗URL,問い合わせフォームURL,代表電話番号,店舗電話番号,お問い合わせメールアドレス,店舗数（会社全体）,本部URL,採用ページURL,Google口コミ件数,Google評価,備考
エイブル,渋谷店,東京都,,https://shop.able.co.jp/000000043/,,,,,全国 直営+FC(最新要確認),https://www.able.co.jp/,https://www.able.co.jp/recruit/,,,検索由来・店舗URL要HTTP200確認(run.pyで自動検証)
エイブル,新宿西口店,東京都,,https://shop.able.co.jp/000000044/,,,,,全国 直営+FC(最新要確認),https://www.able.co.jp/,https://www.able.co.jp/recruit/,,,検索由来・店舗URL要HTTP200確認(run.pyで自動検証)
エイブル,北千住店,東京都,,https://shop.able.co.jp/000000003/,,,,,全国 直営+FC(最新要確認),https://www.able.co.jp/,https://www.able.co.jp/recruit/,,,検索由来・店舗URL要HTTP200確認(run.pyで自動検証)
エイブル,池袋東口店,東京都,,https://shop.able.co.jp/000000009/,,,,,全国 直営+FC(最新要確認),https://www.able.co.jp/,https://www.able.co.jp/recruit/,,,検索由来・店舗URL要HTTP200確認(run.pyで自動検証)
エイブル,蒲田東口店,東京都,,https://shop.able.co.jp/000000099/,,,,,全国 直営+FC(最新要確認),https://www.able.co.jp/,https://www.able.co.jp/recruit/,,,検索由来・店舗URL要HTTP200確認(run.pyで自動検証)
エイブル,池袋国際センター,東京都,,https://shop.able.co.jp/000000353/,,,,,全国 直営+FC(最新要確認),https://www.able.co.jp/,https://www.able.co.jp/recruit/,,,検索由来・店舗URL要HTTP200確認(run.pyで自動検証)
エイブル,中野店,東京都,,https://shop.able.co.jp/000000056/,,,,,全国 直営+FC(最新要確認),https://www.able.co.jp/,https://www.able.co.jp/recruit/,,,検索由来・店舗URL要HTTP200確認(run.pyで自動検証)
エイブル,練馬店,東京都,,https://shop.able.co.jp/000000012/,,,,,全国 直営+FC(最新要確認),https://www.able.co.jp/,https://www.able.co.jp/recruit/,,,検索由来・店舗URL要HTTP200確認(run.pyで自動検証)
エイブル,エイブルネットワーク恵比寿DX店,東京都,,https://shop.able.co.jp/C03000898/,,,,,全国 直営+FC(最新要確認),https://www.able.co.jp/,https://www.able.co.jp/recruit/,,,検索由来・店舗URL要HTTP200確認(run.pyで自動検証)
エイブル,横浜店,神奈川県,,https://shop.able.co.jp/000000521/,,,,,全国 直営+FC(最新要確認),https://www.able.co.jp/,https://www.able.co.jp/recruit/,,,検索由来・店舗URL要HTTP200確認(run.pyで自動検証)
エイブル,横浜国際センター,神奈川県,,https://shop.able.co.jp/000000580/,,,,,全国 直営+FC(最新要確認),https://www.able.co.jp/,https://www.able.co.jp/recruit/,,,検索由来・店舗URL要HTTP200確認(run.pyで自動検証)
エイブル,千葉店,千葉県,,https://shop.able.co.jp/000000631/,,,,,全国 直営+FC(最新要確認),https://www.able.co.jp/,https://www.able.co.jp/recruit/,,,検索由来・店舗URL要HTTP200確認(run.pyで自動検証)
エイブル,千葉中央店,千葉県,,https://shop.able.co.jp/000000614/,,,,,全国 直営+FC(最新要確認),https://www.able.co.jp/,https://www.able.co.jp/recruit/,,,検索由来・店舗URL要HTTP200確認(run.pyで自動検証)
ミニミニ,新宿店,東京都,,https://minimini.jp/shop/10013/shinjuku/,,,,,"グループ約1,000店舗(要確認)",https://www.minimini.co.jp/,https://www.minimini.co.jp/recruit/,,,検索由来・店舗URL要HTTP200確認(run.pyで自動検証)
ミニミニ,品川店,東京都,,https://minimini.jp/shop/10014/shinagawa/,,,,,"グループ約1,000店舗(要確認)",https://www.minimini.co.jp/,https://www.minimini.co.jp/recruit/,,,検索由来・店舗URL要HTTP200確認(run.pyで自動検証)
ミニミニ,目黒店,東京都,,https://minimini.jp/shop/10014/meguro/,,,,,"グループ約1,000店舗(要確認)",https://www.minimini.co.jp/,https://www.minimini.co.jp/recruit/,,,検索由来・店舗URL要HTTP200確認(run.pyで自動検証)
ミニミニ,荻窪店,東京都,,https://minimini.jp/shop/10013/ogikubo/,,,,,"グループ約1,000店舗(要確認)",https://www.minimini.co.jp/,https://www.minimini.co.jp/recruit/,,,検索由来・店舗URL要HTTP200確認(run.pyで自動検証)
ミニミニ,練馬店,東京都,,https://minimini.jp/shop/10011/nerima/,,,,,"グループ約1,000店舗(要確認)",https://www.minimini.co.jp/,https://www.minimini.co.jp/recruit/,,,検索由来・店舗URL要HTTP200確認(run.pyで自動検証)
ミニミニ,東京駅前店,東京都,,https://minimini.jp/shop/10012/tokyoekimae/,,,,,"グループ約1,000店舗(要確認)",https://www.minimini.co.jp/,https://www.minimini.co.jp/recruit/,,,検索由来・店舗URL要HTTP200確認(run.pyで自動検証)
ミニミニ,川崎店,神奈川県,,https://minimini.jp/shop/10016/kawasaki/,,,,,"グループ約1,000店舗(要確認)",https://www.minimini.co.jp/,https://www.minimini.co.jp/recruit/,,,検索由来・店舗URL要HTTP200確認(run.pyで自動検証)
ミニミニ,センター南店,神奈川県,,https://minimini.jp/shop/10016/center-minami/,,,,,"グループ約1,000店舗(要確認)",https://www.minimini.co.jp/,https://www.minimini.co.jp/recruit/,,,検索由来・店舗URL要HTTP200確認(run.pyで自動検証)
ミニミニ,FCJR大阪駅前店,大阪府,,https://minimini.jp/shop/50765076/fc-jrosakaekimae/,,,,,"グループ約1,000店舗(要確認)",https://www.minimini.co.jp/,https://www.minimini.co.jp/recruit/,,,FC店 検索由来・店舗URL要HTTP200確認(run.pyで自動検証)
リブマックス,新宿店,東京都,,https://www.livemax.net/livemax-store-list/59750/,,,,,全国(要確認),https://www.livemax.co.jp/,https://www.livemax.co.jp/recruit/,,,検索由来・店舗URL要HTTP200確認(run.pyで自動検証)
リブマックス,銀座店,東京都,,https://www.livemax.net/livemax-store-list/59650/,,,,,全国(要確認),https://www.livemax.co.jp/,https://www.livemax.co.jp/recruit/,,,検索由来・店舗URL要HTTP200確認(run.pyで自動検証)
リブマックス,神田店,東京都,,https://www.livemax.net/livemax-store-list/59725/,,,,,全国(要確認),https://www.livemax.co.jp/,https://www.livemax.co.jp/recruit/,,,検索由来・店舗URL要HTTP200確認(run.pyで自動検証)
リブマックス,東京駅前店,東京都,,https://www.livemax.net/livemax-store-list/94218/,,,,,全国(要確認),https://www.livemax.co.jp/,https://www.livemax.co.jp/recruit/,,,検索由来・店舗URL要HTTP200確認(run.pyで自動検証)
リブマックス,池袋店,東京都,,https://www.livemax.net/livemax-store-list/59751/,,,,,全国(要確認),https://www.livemax.co.jp/,https://www.livemax.co.jp/recruit/,,,検索由来・店舗URL要HTTP200確認(run.pyで自動検証)
リブマックス,渋谷店,東京都,,https://www.livemax.net/livemax-store-list/59748/,,,,,全国(要確認),https://www.livemax.co.jp/,https://www.livemax.co.jp/recruit/,,,検索由来・店舗URL要HTTP200確認(run.pyで自動検証)
リブマックス,横浜駅前店,神奈川県,,https://www.livemax.net/livemax-store-list/59736/,,,,,全国(要確認),https://www.livemax.co.jp/,https://www.livemax.co.jp/recruit/,,,検索由来・店舗URL要HTTP200確認(run.pyで自動検証)
リブマックス,梅田店,大阪府,,https://www.livemax.net/livemax-store-list/59681/,,,,,全国(要確認),https://www.livemax.co.jp/,https://www.livemax.co.jp/recruit/,,,検索由来・店舗URL要HTTP200確認(run.pyで自動検証)
リブマックス,博多店,福岡県,,https://www.livemax.net/livemax-store-list/59723/,,,,,全国(要確認),https://www.livemax.co.jp/,https://www.livemax.co.jp/recruit/,,,検索由来・店舗URL要HTTP200確認(run.pyで自動検証)
アエラスグループ,吉祥寺店,東京都,,https://www.aeras-group.jp/shop/aeras-kichijoji/,,,,,首都圏 直営67店舗,https://www.aeras-group.jp/,https://www.aeras-group.jp/recruit/,,,検索由来・店舗URL要HTTP200確認(run.pyで自動検証)
アエラスグループ,下北沢店,東京都,,https://www.aeras-group.jp/shop/aeras-shimokitazawa/,,,,,首都圏 直営67店舗,https://www.aeras-group.jp/,https://www.aeras-group.jp/recruit/,,,検索由来・店舗URL要HTTP200確認(run.pyで自動検証)
アエラスグループ,中野店,東京都,,https://www.aeras-group.jp/shop/aeras-nakano/,,,,,首都圏 直営67店舗,https://www.aeras-group.jp/,https://www.aeras-group.jp/recruit/,,,検索由来・店舗URL要HTTP200確認(run.pyで自動検証)
アエラスグループ,国分寺店,東京都,,https://www.aeras-group.jp/shop/aeras-kokubunji/,,,,,首都圏 直営67店舗,https://www.aeras-group.jp/,https://www.aeras-group.jp/recruit/,,,検索由来・店舗URL要HTTP200確認(run.pyで自動検証)
アエラスグループ,巣鴨店,東京都,,https://www.aeras-group.jp/shop/aeras-sugamo/,,,,,首都圏 直営67店舗,https://www.aeras-group.jp/,https://www.aeras-group.jp/recruit/,,,検索由来・店舗URL要HTTP200確認(run.pyで自動検証)
アエラスグループ,荻窪店,東京都,,https://www.aeras-group.jp/shop/aeras-ogikubo/,,,,,首都圏 直営67店舗,https://www.aeras-group.jp/,https://www.aeras-group.jp/recruit/,,,検索由来・店舗URL要HTTP200確認(run.pyで自動検証)
アエラスグループ,川崎店,神奈川県,,https://www.aeras-group.jp/shop/aeras-kawasaki/,,,,,首都圏 直営67店舗,https://www.aeras-group.jp/,https://www.aeras-group.jp/recruit/,,,検索由来・店舗URL要HTTP200確認(run.pyで自動検証)
アエラスグループ,川口店,埼玉県,,https://www.aeras-group.jp/shop/aeras-kawaguchi/,,,,,首都圏 直営67店舗,https://www.aeras-group.jp/,https://www.aeras-group.jp/recruit/,,,検索由来・店舗URL要HTTP200確認(run.pyで自動検証)
アエラスグループ,船橋店,千葉県,,https://www.aeras-group.jp/shop/aeras-funabashi/,,,,,首都圏 直営67店舗,https://www.aeras-group.jp/,https://www.aeras-group.jp/recruit/,,,検索由来・店舗URL要HTTP200確認(run.pyで自動検証)
アエラスグループ,柏店,千葉県,,https://www.aeras-group.jp/shop/aeras-kashiwa/,,,,,首都圏 直営67店舗,https://www.aeras-group.jp/,https://www.aeras-group.jp/recruit/,,,検索由来・店舗URL要HTTP200確認(run.pyで自動検証)
タウンハウジング,町田店,東京都,,https://www.townhousing.co.jp/store/machida,,,,,直営139店舗(東京/神奈川/埼玉/千葉),https://www.townhousing.co.jp/,https://town-group.co.jp/recruit/companies/townhousing,,,検索由来・店舗URL要HTTP200確認(run.pyで自動検証)
タウンハウジング,八王子店,東京都,,https://www.townhousing.co.jp/store/hachioji,,,,,直営139店舗(東京/神奈川/埼玉/千葉),https://www.townhousing.co.jp/,https://town-group.co.jp/recruit/companies/townhousing,,,検索由来・店舗URL要HTTP200確認(run.pyで自動検証)
タウンハウジング,横浜店,神奈川県,,https://www.townhousing.co.jp/store/yokohama,,,,,直営139店舗(東京/神奈川/埼玉/千葉),https://www.townhousing.co.jp/,https://town-group.co.jp/recruit/companies/townhousing,,,検索由来・店舗URL要HTTP200確認(run.pyで自動検証)
タウンハウジング,川崎店,神奈川県,,https://www.townhousing.co.jp/store/kawasaki,,,,,直営139店舗(東京/神奈川/埼玉/千葉),https://www.townhousing.co.jp/,https://town-group.co.jp/recruit/companies/townhousing,,,検索由来・店舗URL要HTTP200確認(run.pyで自動検証)
タウンハウジング,浦和店,埼玉県,,https://www.townhousing.co.jp/store/urawa,,,,,直営139店舗(東京/神奈川/埼玉/千葉),https://www.townhousing.co.jp/,https://town-group.co.jp/recruit/companies/townhousing,,,検索由来・店舗URL要HTTP200確認(run.pyで自動検証)
タウンハウジング,船橋店,千葉県,,https://www.townhousing.co.jp/store/funabashi,,,,,直営139店舗(東京/神奈川/埼玉/千葉),https://www.townhousing.co.jp/,https://town-group.co.jp/recruit/companies/townhousing,,,検索由来・店舗URL要HTTP200確認(run.pyで自動検証)
タウンハウジング,千葉店,千葉県,,https://www.townhousing.co.jp/store/chiba,,,,,直営139店舗(東京/神奈川/埼玉/千葉),https://www.townhousing.co.jp/,https://town-group.co.jp/recruit/companies/townhousing,,,検索由来・店舗URL要HTTP200確認(run.pyで自動検証)
タウンハウジング,柏店,千葉県,,https://www.townhousing.co.jp/store/kashiwa,,,,,直営139店舗(東京/神奈川/埼玉/千葉),https://www.townhousing.co.jp/,https://town-group.co.jp/recruit/companies/townhousing,,,検索由来・店舗URL要HTTP200確認(run.pyで自動検証)
タウンハウジング,松戸店,千葉県,,https://www.townhousing.co.jp/store/matsudo,,,,,直営139店舗(東京/神奈川/埼玉/千葉),https://www.townhousing.co.jp/,https://town-group.co.jp/recruit/companies/townhousing,,,検索由来・店舗URL要HTTP200確認(run.pyで自動検証)
ピタットハウス,渋谷販売センター,東京都,,https://www.pitat.com/shopDetail/shibuya-hc.html,,,,,632店舗(2026/3末・直営116+NW516),https://www.pitat.com/,https://www.starts.co.jp/recruit/,,,検索由来・店舗URL要HTTP200確認(run.pyで自動検証)
ピタットハウス,渋谷店,東京都,,https://www.pitat.com/shopDetail/shibuya.html,,,,,632店舗(2026/3末・直営116+NW516),https://www.pitat.com/,https://www.starts.co.jp/recruit/,,,検索由来・店舗URL要HTTP200確認(run.pyで自動検証)
ピタットハウス,渋谷北店,東京都,,https://www.pitat.com/shopDetail/shibuyakita.html,,,,,632店舗(2026/3末・直営116+NW516),https://www.pitat.com/,https://www.starts.co.jp/recruit/,,,検索由来・店舗URL要HTTP200確認(run.pyで自動検証)
ピタットハウス,渋谷東口店,東京都,,https://www.pitat.com/shopDetail/shibuyahigashiguchi.html,,,,,632店舗(2026/3末・直営116+NW516),https://www.pitat.com/,https://www.starts.co.jp/recruit/,,,検索由来・店舗URL要HTTP200確認(run.pyで自動検証)
ピタットハウス,インターナショナルTOKYO,東京都,,https://www.pitat.com/shopDetail/itokyo.html,,,,,632店舗(2026/3末・直営116+NW516),https://www.pitat.com/,https://www.starts.co.jp/recruit/,,,検索由来・店舗URL要HTTP200確認(run.pyで自動検証)
ピタットハウス,池袋店,東京都,,https://www.pitat.com/shopDetail/000001110168.html,,,,,632店舗(2026/3末・直営116+NW516),https://www.pitat.com/,https://www.starts.co.jp/recruit/,,,検索由来・店舗URL要HTTP200確認(run.pyで自動検証)
ピタットハウス,横浜店,神奈川県,,https://www.pitat.com/shopDetail/yokohama.html,,,,,632店舗(2026/3末・直営116+NW516),https://www.pitat.com/,https://www.starts.co.jp/recruit/,,,検索由来・店舗URL要HTTP200確認(run.pyで自動検証)
ピタットハウス,川崎西口店,神奈川県,,https://www.pitat.com/shopDetail/kawasakinishiguchi.html,,,,,632店舗(2026/3末・直営116+NW516),https://www.pitat.com/,https://www.starts.co.jp/recruit/,,,検索由来・店舗URL要HTTP200確認(run.pyで自動検証)
ピタットハウス,川崎駅前店,神奈川県,,https://www.pitat.com/shopDetail/kawasakiekimae.html,,,,,632店舗(2026/3末・直営116+NW516),https://www.pitat.com/,https://www.starts.co.jp/recruit/,,,検索由来・店舗URL要HTTP200確認(run.pyで自動検証)
ピタットハウス,山手本牧店,神奈川県,,https://www.pitat.com/shopDetail/yamatehonmoku.html,,,,,632店舗(2026/3末・直営116+NW516),https://www.pitat.com/,https://www.starts.co.jp/recruit/,,,検索由来・店舗URL要HTTP200確認(run.pyで自動検証)
ハウスコム,八王子駅前店,東京都,,https://www.housecom.jp/shop/hachioji-ekimae-hc/,,,,,グループ約232店舗,https://www.housecom.co.jp/,https://www.housecom.co.jp/recruit/,,,検索由来・店舗URL要HTTP200確認(run.pyで自動検証)
ハウスコム,横浜店,神奈川県,,https://www.housecom.jp/shop/yokohama-hc/,,,,,グループ約232店舗,https://www.housecom.co.jp/,https://www.housecom.co.jp/recruit/,,,検索由来・店舗URL要HTTP200確認(run.pyで自動検証)
ハウスコム,川崎駅前店,神奈川県,,https://www.housecom.jp/shop/kawasaki-ekimae-hc/,,,,,グループ約232店舗,https://www.housecom.co.jp/,https://www.housecom.co.jp/recruit/,,,検索由来・店舗URL要HTTP200確認(run.pyで自動検証)
ハウスコム,ハウスコムコミュニケーションズ名古屋営業所,愛知県,,https://www.housecom.jp/shop/hcc-nagoya-hc/,,,,,グループ約232店舗,https://www.housecom.co.jp/,https://www.housecom.co.jp/recruit/,,,検索由来・店舗URL要HTTP200確認(run.pyで自動検証)
アパマンショップ,中野店,東京都,,https://www.apamanshop.com/shop/13047401/,,,,,"約1,093店舗(2021・賃貸仲介No.1/要確認)",https://www.apamanshop.com/,https://www.apamannet.com/recruit/,,,検索由来・店舗URL要HTTP200確認(run.pyで自動検証)
アパマンショップ,大阪駅前店,大阪府,,https://www.apamanshop.com/shop/27009223/,,,,,"約1,093店舗(2021・賃貸仲介No.1/要確認)",https://www.apamanshop.com/,https://www.apamannet.com/recruit/,,,検索由来・店舗URL要HTTP200確認(run.pyで自動検証)
アパマンショップ,なんば店,大阪府,,https://www.apamanshop.com/shop/27006403/,,,,,"約1,093店舗(2021・賃貸仲介No.1/要確認)",https://www.apamanshop.com/,https://www.apamannet.com/recruit/,,,検索由来・店舗URL要HTTP200確認(run.pyで自動検証)
アパマンショップ,梅田東店,大阪府,,https://www.apamanshop.com/shop/27006408/,,,,,"約1,093店舗(2021・賃貸仲介No.1/要確認)",https://www.apamanshop.com/,https://www.apamannet.com/recruit/,,,検索由来・店舗URL要HTTP200確認(run.pyで自動検証)
ルームピア(ROOMPIA),新宿東口店,東京都,,https://www.roompia.jp/public?page=shops_shinjukuhigashiguchi,,,,,直営9+サテライト16,https://www.roompia.jp/,https://www.ambitiondxholdings.com/recruit/,,,検索由来・店舗URL要HTTP200確認(run.pyで自動検証)
ルームピア(ROOMPIA),上野御徒町店,東京都,,https://www.roompia.jp/public?page=shops_ueno,,,,,直営9+サテライト16,https://www.roompia.jp/,https://www.ambitiondxholdings.com/recruit/,,,検索由来・店舗URL要HTTP200確認(run.pyで自動検証)
ルームピア(ROOMPIA),法人課,東京都,,https://www.roompia.jp/public?page=shops_corporation,,,,,直営9+サテライト16,https://www.roompia.jp/,https://www.ambitiondxholdings.com/recruit/,,,法人課 検索由来・店舗URL要HTTP200確認(run.pyで自動検証)
ルームピア(ROOMPIA),オンライン店,東京都,,https://www.roompia.jp/public?page=shops_online,,,,,直営9+サテライト16,https://www.roompia.jp/,https://www.ambitiondxholdings.com/recruit/,,,オンライン店 検索由来・店舗URL要HTTP200確認(run.pyで自動検証)
